Band,Min,Max,Mean,Std
B0,808.0,5000.0,1353.6873,244.28596
B1,0.0,5000.0,1117.03,329.3284
B2,0.0,5000.0,1041.6692,390.873
B3,0.0,5000.0,946.1682,589.3097
B4,174.0,5000.0,1198.9753,564.1992
B5,153.0,5000.0,2002.7102,858.6205
B6,128.0,5000.0,2371.4756,1078.8221
B7,0.0,5000.0,2299.052,1110.8229
B8,40.0,5000.0,732.1623,403.5065
B9,1.0,183.0,12.09952,4.729379
B10,5.0,5000.0,1820.0264,998.77356
B12,91.0,5000.0,2591.6267,1211.8926
