Band,Mean,Min,Max,Std
0,1353.7267,808,17720,245.29146
1,1117.2026,0,28000,333.44077
2,1041.8842,0,28000,395.2192
3,946.5497,0,28000,594.4786
4,1199.1895,174,24008,567.0137
5,2003.005,153,27791,861.0189
6,2374.0044,128,28001,1086.9712
7,2301.2224,0,28003,1118.3184
8,732.1812,40,15384,403.8444
9,12.09952,1,183,4.729379
10,1118.2059,1,22210,760.6244
11,2599.7827,91,28000,1231.6791
