Metric,Value
Accuracy,0.7562962962962962
Precision,0.754532882265532
Recall,0.7562962962962962
F1 Score,0.7519434323307427
