Metric,Value
Accuracy,0.97
Precision,0.9701624105307403
Recall,0.97
F1 Score,0.9700335979959872
